DoctorName,Date,TimeSlot,Status
Dr. Kumar,2025-09-06,9:00,Available
Dr. Kumar,2025-09-06,10:00,Available
Dr. Kumar,2025-09-06,11:00,Booked
Dr. Kumar,2025-09-06,12:00,Available
Dr. Kumar,2025-09-06,13:00,Available
Dr. Kumar,2025-09-06,14:00,Available
Dr. Kumar,2025-09-06,15:00,Available
Dr. Kumar,2025-09-06,16:00,Booked
Dr. Kumar,2025-09-07,9:00,Available
Dr. Kumar,2025-09-07,10:00,Available
Dr. Kumar,2025-09-07,11:00,Available
Dr. Kumar,2025-09-07,12:00,Available
Dr. Kumar,2025-09-07,13:00,Booked
Dr. Kumar,2025-09-07,14:00,Available
Dr. Kumar,2025-09-07,15:00,Booked
Dr. Kumar,2025-09-07,16:00,Available
Dr. Kumar,2025-09-08,9:00,Available
Dr. Kumar,2025-09-08,10:00,Available
Dr. Kumar,2025-09-08,11:00,Available
Dr. Kumar,2025-09-08,12:00,Booked
Dr. Kumar,2025-09-08,13:00,Available
Dr. Kumar,2025-09-08,14:00,Booked
Dr. Kumar,2025-09-08,15:00,Booked
Dr. Kumar,2025-09-08,16:00,Available
Dr. Kumar,2025-09-09,9:00,Available
Dr. Kumar,2025-09-09,10:00,Booked
Dr. Kumar,2025-09-09,11:00,Available
Dr. Kumar,2025-09-09,12:00,Booked
Dr. Kumar,2025-09-09,13:00,Available
Dr. Kumar,2025-09-09,14:00,Available
Dr. Kumar,2025-09-09,15:00,Available
Dr. Kumar,2025-09-09,16:00,Booked
Dr. Kumar,2025-09-10,9:00,Available
Dr. Kumar,2025-09-10,10:00,Available
Dr. Kumar,2025-09-10,11:00,Available
Dr. Kumar,2025-09-10,12:00,Available
Dr. Kumar,2025-09-10,13:00,Booked
Dr. Kumar,2025-09-10,14:00,Available
Dr. Kumar,2025-09-10,15:00,Available
Dr. Kumar,2025-09-10,16:00,Available
Dr. Kumar,2025-09-11,9:00,Available
Dr. Kumar,2025-09-11,10:00,Available
Dr. Kumar,2025-09-11,11:00,Available
Dr. Kumar,2025-09-11,12:00,Booked
Dr. Kumar,2025-09-11,13:00,Booked
Dr. Kumar,2025-09-11,14:00,Booked
Dr. Kumar,2025-09-11,15:00,Available
Dr. Kumar,2025-09-11,16:00,Available
Dr. Kumar,2025-09-12,9:00,Available
Dr. Kumar,2025-09-12,10:00,Booked
Dr. Kumar,2025-09-12,11:00,Available
Dr. Kumar,2025-09-12,12:00,Booked
Dr. Kumar,2025-09-12,13:00,Available
Dr. Kumar,2025-09-12,14:00,Available
Dr. Kumar,2025-09-12,15:00,Available
Dr. Kumar,2025-09-12,16:00,Booked
Dr. Mehta,2025-09-06,9:00,Available
Dr. Mehta,2025-09-06,10:00,Booked
Dr. Mehta,2025-09-06,11:00,Available
Dr. Mehta,2025-09-06,12:00,Available
Dr. Mehta,2025-09-06,13:00,Available
Dr. Mehta,2025-09-06,14:00,Available
Dr. Mehta,2025-09-06,15:00,Booked
Dr. Mehta,2025-09-06,16:00,Available
Dr. Mehta,2025-09-07,9:00,Available
Dr. Mehta,2025-09-07,10:00,Available
Dr. Mehta,2025-09-07,11:00,Available
Dr. Mehta,2025-09-07,12:00,Booked
Dr. Mehta,2025-09-07,13:00,Booked
Dr. Mehta,2025-09-07,14:00,Booked
Dr. Mehta,2025-09-07,15:00,Available
Dr. Mehta,2025-09-07,16:00,Available
Dr. Mehta,2025-09-08,9:00,Available
Dr. Mehta,2025-09-08,10:00,Available
Dr. Mehta,2025-09-08,11:00,Available
Dr. Mehta,2025-09-08,12:00,Available
Dr. Mehta,2025-09-08,13:00,Available
Dr. Mehta,2025-09-08,14:00,Available
Dr. Mehta,2025-09-08,15:00,Booked
Dr. Mehta,2025-09-08,16:00,Available
Dr. Mehta,2025-09-09,9:00,Available
Dr. Mehta,2025-09-09,10:00,Booked
Dr. Mehta,2025-09-09,11:00,Available
Dr. Mehta,2025-09-09,12:00,Available
Dr. Mehta,2025-09-09,13:00,Booked
Dr. Mehta,2025-09-09,14:00,Available
Dr. Mehta,2025-09-09,15:00,Available
Dr. Mehta,2025-09-09,16:00,Available
Dr. Mehta,2025-09-10,9:00,Available
Dr. Mehta,2025-09-10,10:00,Booked
Dr. Mehta,2025-09-10,11:00,Available
Dr. Mehta,2025-09-10,12:00,Available
Dr. Mehta,2025-09-10,13:00,Available
Dr. Mehta,2025-09-10,14:00,Booked
Dr. Mehta,2025-09-10,15:00,Available
Dr. Mehta,2025-09-10,16:00,Available
Dr. Mehta,2025-09-11,9:00,Available
Dr. Mehta,2025-09-11,10:00,Booked
Dr. Mehta,2025-09-11,11:00,Booked
Dr. Mehta,2025-09-11,12:00,Available
Dr. Mehta,2025-09-11,13:00,Booked
Dr. Mehta,2025-09-11,14:00,Available
Dr. Mehta,2025-09-11,15:00,Booked
Dr. Mehta,2025-09-11,16:00,Available
Dr. Mehta,2025-09-12,9:00,Available
Dr. Mehta,2025-09-12,10:00,Booked
Dr. Mehta,2025-09-12,11:00,Booked
Dr. Mehta,2025-09-12,12:00,Available
Dr. Mehta,2025-09-12,13:00,Booked
Dr. Mehta,2025-09-12,14:00,Available
Dr. Mehta,2025-09-12,15:00,Booked
Dr. Mehta,2025-09-12,16:00,Booked
Dr. Sharma,2025-09-06,9:00,Booked
Dr. Sharma,2025-09-06,10:00,Booked
Dr. Sharma,2025-09-06,11:00,Available
Dr. Sharma,2025-09-06,12:00,Available
Dr. Sharma,2025-09-06,13:00,Available
Dr. Sharma,2025-09-06,14:00,Available
Dr. Sharma,2025-09-06,15:00,Booked
Dr. Sharma,2025-09-06,16:00,Available
Dr. Sharma,2025-09-07,9:00,Booked
Dr. Sharma,2025-09-07,10:00,Available
Dr. Sharma,2025-09-07,11:00,Available
Dr. Sharma,2025-09-07,12:00,Available
Dr. Sharma,2025-09-07,13:00,Booked
Dr. Sharma,2025-09-07,14:00,Booked
Dr. Sharma,2025-09-07,15:00,Available
Dr. Sharma,2025-09-07,16:00,Booked
Dr. Sharma,2025-09-08,9:00,Available
Dr. Sharma,2025-09-08,10:00,Booked
Dr. Sharma,2025-09-08,11:00,Available
Dr. Sharma,2025-09-08,12:00,Booked
Dr. Sharma,2025-09-08,13:00,Available
Dr. Sharma,2025-09-08,14:00,Available
Dr. Sharma,2025-09-08,15:00,Available
Dr. Sharma,2025-09-08,16:00,Available
Dr. Sharma,2025-09-09,9:00,Available
Dr. Sharma,2025-09-09,10:00,Available
Dr. Sharma,2025-09-09,11:00,Booked
Dr. Sharma,2025-09-09,12:00,Available
Dr. Sharma,2025-09-09,13:00,Available
Dr. Sharma,2025-09-09,14:00,Booked
Dr. Sharma,2025-09-09,15:00,Available
Dr. Sharma,2025-09-09,16:00,Available
Dr. Sharma,2025-09-10,9:00,Available
Dr. Sharma,2025-09-10,10:00,Available
Dr. Sharma,2025-09-10,11:00,Available
Dr. Sharma,2025-09-10,12:00,Available
Dr. Sharma,2025-09-10,13:00,Available
Dr. Sharma,2025-09-10,14:00,Booked
Dr. Sharma,2025-09-10,15:00,Available
Dr. Sharma,2025-09-10,16:00,Available
Dr. Sharma,2025-09-11,9:00,Available
Dr. Sharma,2025-09-11,10:00,Booked
Dr. Sharma,2025-09-11,11:00,Available
Dr. Sharma,2025-09-11,12:00,Booked
Dr. Sharma,2025-09-11,13:00,Available
Dr. Sharma,2025-09-11,14:00,Available
Dr. Sharma,2025-09-11,15:00,Available
Dr. Sharma,2025-09-11,16:00,Available
Dr. Sharma,2025-09-12,9:00,Available
Dr. Sharma,2025-09-12,10:00,Available
Dr. Sharma,2025-09-12,11:00,Available
Dr. Sharma,2025-09-12,12:00,Available
Dr. Sharma,2025-09-12,13:00,Available
Dr. Sharma,2025-09-12,14:00,Available
Dr. Sharma,2025-09-12,15:00,Available
Dr. Sharma,2025-09-12,16:00,Available
Dr. Singh,2025-09-06,9:00,Available
Dr. Singh,2025-09-06,10:00,Available
Dr. Singh,2025-09-06,11:00,Available
Dr. Singh,2025-09-06,12:00,Available
Dr. Singh,2025-09-06,13:00,Available
Dr. Singh,2025-09-06,14:00,Available
Dr. Singh,2025-09-06,15:00,Available
Dr. Singh,2025-09-06,16:00,Booked
Dr. Singh,2025-09-07,9:00,Available
Dr. Singh,2025-09-07,10:00,Available
Dr. Singh,2025-09-07,11:00,Available
Dr. Singh,2025-09-07,12:00,Booked
Dr. Singh,2025-09-07,13:00,Available
Dr. Singh,2025-09-07,14:00,Available
Dr. Singh,2025-09-07,15:00,Booked
Dr. Singh,2025-09-07,16:00,Available
Dr. Singh,2025-09-08,9:00,Available
Dr. Singh,2025-09-08,10:00,Available
Dr. Singh,2025-09-08,11:00,Booked
Dr. Singh,2025-09-08,12:00,Available
Dr. Singh,2025-09-08,13:00,Available
Dr. Singh,2025-09-08,14:00,Available
Dr. Singh,2025-09-08,15:00,Available
Dr. Singh,2025-09-08,16:00,Available
Dr. Singh,2025-09-09,9:00,Available
Dr. Singh,2025-09-09,10:00,Available
Dr. Singh,2025-09-09,11:00,Available
Dr. Singh,2025-09-09,12:00,Available
Dr. Singh,2025-09-09,13:00,Available
Dr. Singh,2025-09-09,14:00,Available
Dr. Singh,2025-09-09,15:00,Available
Dr. Singh,2025-09-09,16:00,Available
Dr. Singh,2025-09-10,9:00,Available
Dr. Singh,2025-09-10,10:00,Available
Dr. Singh,2025-09-10,11:00,Available
Dr. Singh,2025-09-10,12:00,Available
Dr. Singh,2025-09-10,13:00,Available
Dr. Singh,2025-09-10,14:00,Available
Dr. Singh,2025-09-10,15:00,Available
Dr. Singh,2025-09-10,16:00,Available
Dr. Singh,2025-09-11,9:00,Available
Dr. Singh,2025-09-11,10:00,Available
Dr. Singh,2025-09-11,11:00,Booked
Dr. Singh,2025-09-11,12:00,Booked
Dr. Singh,2025-09-11,13:00,Booked
Dr. Singh,2025-09-11,14:00,Available
Dr. Singh,2025-09-11,15:00,Available
Dr. Singh,2025-09-11,16:00,Booked
Dr. Singh,2025-09-12,9:00,Booked
Dr. Singh,2025-09-12,10:00,Booked
Dr. Singh,2025-09-12,11:00,Available
Dr. Singh,2025-09-12,12:00,Available
Dr. Singh,2025-09-12,13:00,Available
Dr. Singh,2025-09-12,14:00,Booked
Dr. Singh,2025-09-12,15:00,Available
Dr. Singh,2025-09-12,16:00,Available
Dr. Patel,2025-09-06,9:00,Available
Dr. Patel,2025-09-06,10:00,Booked
Dr. Patel,2025-09-06,11:00,Available
Dr. Patel,2025-09-06,12:00,Booked
Dr. Patel,2025-09-06,13:00,Available
Dr. Patel,2025-09-06,14:00,Booked
Dr. Patel,2025-09-06,15:00,Available
Dr. Patel,2025-09-06,16:00,Available
Dr. Patel,2025-09-07,9:00,Booked
Dr. Patel,2025-09-07,10:00,Available
Dr. Patel,2025-09-07,11:00,Booked
Dr. Patel,2025-09-07,12:00,Available
Dr. Patel,2025-09-07,13:00,Available
Dr. Patel,2025-09-07,14:00,Booked
Dr. Patel,2025-09-07,15:00,Available
Dr. Patel,2025-09-07,16:00,Available
Dr. Patel,2025-09-08,9:00,Available
Dr. Patel,2025-09-08,10:00,Booked
Dr. Patel,2025-09-08,11:00,Available
Dr. Patel,2025-09-08,12:00,Available
Dr. Patel,2025-09-08,13:00,Booked
Dr. Patel,2025-09-08,14:00,Booked
Dr. Patel,2025-09-08,15:00,Available
Dr. Patel,2025-09-08,16:00,Available
Dr. Patel,2025-09-09,9:00,Available
Dr. Patel,2025-09-09,10:00,Available
Dr. Patel,2025-09-09,11:00,Available
Dr. Patel,2025-09-09,12:00,Available
Dr. Patel,2025-09-09,13:00,Booked
Dr. Patel,2025-09-09,14:00,Available
Dr. Patel,2025-09-09,15:00,Available
Dr. Patel,2025-09-09,16:00,Available
Dr. Patel,2025-09-10,9:00,Booked
Dr. Patel,2025-09-10,10:00,Booked
Dr. Patel,2025-09-10,11:00,Available
Dr. Patel,2025-09-10,12:00,Available
Dr. Patel,2025-09-10,13:00,Booked
Dr. Patel,2025-09-10,14:00,Available
Dr. Patel,2025-09-10,15:00,Available
Dr. Patel,2025-09-10,16:00,Available
Dr. Patel,2025-09-11,9:00,Available
Dr. Patel,2025-09-11,10:00,Available
Dr. Patel,2025-09-11,11:00,Available
Dr. Patel,2025-09-11,12:00,Available
Dr. Patel,2025-09-11,13:00,Available
Dr. Patel,2025-09-11,14:00,Available
Dr. Patel,2025-09-11,15:00,Available
Dr. Patel,2025-09-11,16:00,Booked
Dr. Patel,2025-09-12,9:00,Available
Dr. Patel,2025-09-12,10:00,Booked
Dr. Patel,2025-09-12,11:00,Available
Dr. Patel,2025-09-12,12:00,Available
Dr. Patel,2025-09-12,13:00,Available
Dr. Patel,2025-09-12,14:00,Available
Dr. Patel,2025-09-12,15:00,Available
Dr. Patel,2025-09-12,16:00,Booked
